Room_ID,Temperature,Humidity,Smoke,Timestamp
101,22.0,78.0,295.0,2025-02-13 00:21:09
101,22.0,78.0,297.0,2025-02-13 00:21:12
101,22.0,78.0,297.0,2025-02-13 00:21:12
101,22.0,78.0,297.0,2025-02-13 00:21:12
101,22.0,78.0,286.0,2025-02-13 00:21:14
101,22.0,78.0,286.0,2025-02-13 00:21:14
101,22.0,78.0,286.0,2025-02-13 00:21:14
101,22.0,78.0,287.0,2025-02-13 00:21:17
101,22.0,78.0,287.0,2025-02-13 00:21:17
101,22.0,78.0,287.0,2025-02-13 00:21:17
101,22.0,75.0,295.0,2025-02-13 00:37:52
101,22.0,75.0,298.0,2025-02-13 00:37:55
101,22.0,75.0,298.0,2025-02-13 00:37:55
101,22.0,75.0,298.0,2025-02-13 00:37:55
101,22.0,75.0,287.0,2025-02-13 00:37:57
101,22.0,75.0,301.0,2025-02-13 00:38:00
101,22.0,75.0,301.0,2025-02-13 00:38:00
101,22.0,75.0,301.0,2025-02-13 00:38:00
101,22.0,75.0,298.0,2025-02-13 00:38:02
101,22.0,75.0,298.0,2025-02-13 00:38:02
101,22.0,75.0,298.0,2025-02-13 00:38:02
101,22.0,75.0,288.0,2025-02-13 00:38:05
101,22.0,75.0,288.0,2025-02-13 00:38:05
101,22.0,75.0,288.0,2025-02-13 00:38:05
101,22.0,75.0,297.0,2025-02-13 00:38:07
101,22.0,75.0,297.0,2025-02-13 00:38:07
101,22.0,75.0,297.0,2025-02-13 00:38:07
101,22.0,75.0,297.0,2025-02-13 00:38:10
101,22.0,75.0,297.0,2025-02-13 00:38:10
101,22.0,75.0,297.0,2025-02-13 00:38:10
101,22.0,75.0,287.0,2025-02-13 00:38:12
101,22.0,75.0,287.0,2025-02-13 00:38:12
101,22.0,75.0,287.0,2025-02-13 00:38:12
101,22.0,75.0,297.0,2025-02-13 00:38:15
101,22.0,75.0,297.0,2025-02-13 00:38:15
101,22.0,75.0,297.0,2025-02-13 00:38:15
101,22.0,75.0,299.0,2025-02-13 00:38:17
101,22.0,75.0,299.0,2025-02-13 00:38:17
101,22.0,80.0,299.0,2025-02-13 00:38:17
101,22.0,80.0,288.0,2025-02-13 00:38:20
101,22.0,80.0,288.0,2025-02-13 00:38:20
101,22.0,81.0,288.0,2025-02-13 00:38:20
101,22.0,81.0,293.0,2025-02-13 00:38:23
101,22.0,81.0,293.0,2025-02-13 00:38:23
101,22.0,75.0,293.0,2025-02-13 00:38:23
101,22.0,75.0,296.0,2025-02-13 00:38:25
101,22.0,75.0,296.0,2025-02-13 00:38:25
101,22.0,75.0,296.0,2025-02-13 00:38:25
101,22.0,75.0,287.0,2025-02-13 00:38:27
101,22.0,75.0,287.0,2025-02-13 00:38:27
101,22.0,75.0,287.0,2025-02-13 00:38:27
101,22.0,75.0,296.0,2025-02-13 00:38:30
101,22.0,75.0,296.0,2025-02-13 00:38:30
101,22.0,75.0,296.0,2025-02-13 00:38:30
101,22.0,75.0,298.0,2025-02-13 00:38:33
101,22.0,75.0,298.0,2025-02-13 00:38:33
101,22.0,75.0,298.0,2025-02-13 00:38:33
101,22.0,75.0,287.0,2025-02-13 00:38:35
101,22.0,75.0,287.0,2025-02-13 00:38:35
101,22.0,75.0,287.0,2025-02-13 00:38:35
101,22.0,75.0,303.0,2025-02-13 00:38:38
101,22.0,75.0,303.0,2025-02-13 00:38:38
101,22.0,75.0,303.0,2025-02-13 00:38:38
101,22.0,75.0,287.0,2025-02-13 00:38:40
101,22.0,75.0,287.0,2025-02-13 00:38:40
101,22.0,75.0,287.0,2025-02-13 00:38:40
101,22.0,75.0,288.0,2025-02-13 00:38:43
101,22.0,75.0,288.0,2025-02-13 00:38:43
101,22.0,75.0,288.0,2025-02-13 00:38:43
101,22.0,75.0,297.0,2025-02-13 00:38:45
101,22.0,75.0,297.0,2025-02-13 00:38:45
101,22.0,75.0,297.0,2025-02-13 00:38:45
101,22.0,75.0,287.0,2025-02-13 00:39:38
101,22.0,75.0,295.0,2025-02-13 00:39:40
101,22.0,68.0,297.0,2025-02-13 01:03:25
101,22.0,68.0,297.0,2025-02-13 01:03:25
101,22.0,68.0,315.0,2025-02-13 01:03:25
101,22.0,68.0,315.0,2025-02-13 01:03:27
101,22.0,75.0,315.0,2025-02-13 01:03:27
101,22.0,68.0,315.0,2025-02-13 01:03:27
101,22.0,75.0,315.0,2025-02-13 01:03:27
101,22.0,75.0,325.0,2025-02-13 01:03:28
101,22.0,75.0,325.0,2025-02-13 01:03:30
101,22.0,75.0,325.0,2025-02-13 01:03:30
101,22.0,75.0,325.0,2025-02-13 01:03:30
101,22.0,75.0,325.0,2025-02-13 01:03:30
101,22.0,75.0,326.0,2025-02-13 01:03:30
101,22.0,75.0,326.0,2025-02-13 01:03:30
101,22.0,75.0,326.0,2025-02-13 01:03:32
101,22.0,75.0,326.0,2025-02-13 01:03:32
101,22.0,73.0,326.0,2025-02-13 01:03:32
101,22.0,73.0,320.0,2025-02-13 01:03:33
101,22.0,73.0,320.0,2025-02-13 01:03:35
101,22.0,73.0,320.0,2025-02-13 01:03:35
101,22.0,75.0,320.0,2025-02-13 01:03:35
101,22.0,75.0,320.0,2025-02-13 01:03:35
101,22.0,75.0,319.0,2025-02-13 01:03:35
101,22.0,75.0,319.0,2025-02-13 01:03:37
101,22.0,75.0,319.0,2025-02-13 01:03:37
101,22.0,75.0,319.0,2025-02-13 01:03:37
101,22.0,75.0,319.0,2025-02-13 01:03:37
101,22.0,75.0,310.0,2025-02-13 01:03:38
101,22.0,75.0,310.0,2025-02-13 01:03:38
101,22.0,75.0,310.0,2025-02-13 01:03:40
101,22.0,74.0,310.0,2025-02-13 01:03:40
101,22.0,75.0,310.0,2025-02-13 01:03:40
101,22.0,74.0,310.0,2025-02-13 01:03:40
101,22.0,74.0,309.0,2025-02-13 01:03:40
101,22.0,74.0,309.0,2025-02-13 01:03:42
101,22.0,75.0,309.0,2025-02-13 01:03:42
101,22.0,74.0,309.0,2025-02-13 01:03:42
101,22.0,75.0,309.0,2025-02-13 01:03:42
101,22.0,75.0,313.0,2025-02-13 01:03:43
101,22.0,75.0,313.0,2025-02-13 01:03:45
101,22.0,75.0,313.0,2025-02-13 01:03:45
101,22.0,75.0,313.0,2025-02-13 01:03:45
101,22.0,75.0,313.0,2025-02-13 01:03:45
101,22.0,75.0,301.0,2025-02-13 01:03:45
101,22.0,75.0,301.0,2025-02-13 01:03:48
101,22.0,75.0,301.0,2025-02-13 01:03:48
101,22.0,76.0,301.0,2025-02-13 01:03:48
101,22.0,76.0,309.0,2025-02-13 01:03:48
101,22.0,76.0,309.0,2025-02-13 01:03:48
101,22.0,76.0,309.0,2025-02-13 01:03:50
101,22.0,75.0,309.0,2025-02-13 01:03:50
101,22.0,76.0,309.0,2025-02-13 01:03:50
101,22.0,75.0,309.0,2025-02-13 01:03:50
101,22.0,75.0,297.0,2025-02-13 01:03:52
101,22.0,75.0,297.0,2025-02-13 01:03:52
101,22.0,75.0,297.0,2025-02-13 01:03:54
101,22.0,75.0,297.0,2025-02-13 01:03:54
101,22.0,75.0,297.0,2025-02-13 01:03:54
101,22.0,75.0,297.0,2025-02-13 01:03:54
101,22.0,75.0,302.0,2025-02-13 01:03:54
101,22.0,75.0,302.0,2025-02-13 01:03:54
101,22.0,75.0,302.0,2025-02-13 01:03:56
101,22.0,75.0,302.0,2025-02-13 01:03:56
101,22.0,75.0,302.0,2025-02-13 01:03:56
101,22.0,75.0,302.0,2025-02-13 01:03:56
101,22.0,75.0,308.0,2025-02-13 01:03:56
101,22.0,75.0,308.0,2025-02-13 01:03:56
101,22.0,75.0,308.0,2025-02-13 01:03:58
101,22.0,75.0,308.0,2025-02-13 01:03:58
101,22.0,75.0,308.0,2025-02-13 01:03:58
101,22.0,75.0,308.0,2025-02-13 01:03:58
101,22.0,75.0,299.0,2025-02-13 01:03:58
101,22.0,75.0,299.0,2025-02-13 01:04:00
101,22.0,75.0,299.0,2025-02-13 01:04:00
101,22.0,75.0,299.0,2025-02-13 01:04:00
101,22.0,75.0,299.0,2025-02-13 01:04:00
101,22.0,75.0,301.0,2025-02-13 01:04:01
101,22.0,75.0,301.0,2025-02-13 01:04:03
101,22.0,75.0,301.0,2025-02-13 01:04:03
101,22.0,75.0,301.0,2025-02-13 01:04:03
101,22.0,75.0,301.0,2025-02-13 01:04:03
101,22.0,75.0,293.0,2025-02-13 01:04:03
101,22.0,75.0,293.0,2025-02-13 01:04:05
101,22.0,75.0,293.0,2025-02-13 01:04:05
101,22.0,75.0,293.0,2025-02-13 01:04:05
101,22.0,75.0,293.0,2025-02-13 01:04:05
101,22.0,75.0,297.0,2025-02-13 01:04:07
101,22.0,75.0,297.0,2025-02-13 01:04:07
101,22.0,75.0,297.0,2025-02-13 01:04:09
101,22.0,75.0,297.0,2025-02-13 01:04:09
101,22.0,75.0,299.0,2025-02-13 01:04:09
101,22.0,75.0,297.0,2025-02-13 01:04:09
101,22.0,75.0,297.0,2025-02-13 01:04:09
101,22.0,75.0,299.0,2025-02-13 01:04:09
101,22.0,75.0,299.0,2025-02-13 01:04:11
101,22.0,75.0,299.0,2025-02-13 01:04:11
101,22.0,75.0,299.0,2025-02-13 01:04:11
101,22.0,75.0,299.0,2025-02-13 01:04:11
101,22.0,75.0,303.0,2025-02-13 01:04:11
101,22.0,75.0,303.0,2025-02-13 01:04:13
101,22.0,75.0,303.0,2025-02-13 01:04:13
101,22.0,75.0,303.0,2025-02-13 01:04:13
101,22.0,75.0,303.0,2025-02-13 01:04:13
101,22.0,75.0,297.0,2025-02-13 01:04:13
101,22.0,75.0,303.0,2025-02-13 01:04:16
101,22.0,75.0,303.0,2025-02-13 01:04:16
101,22.0,75.0,303.0,2025-02-13 01:04:18
101,22.0,75.0,303.0,2025-02-13 01:04:18
101,22.0,75.0,303.0,2025-02-13 01:04:18
101,22.0,75.0,303.0,2025-02-13 01:04:18
101,22.0,75.0,301.0,2025-02-13 01:04:18
101,22.0,75.0,301.0,2025-02-13 01:04:18
101,22.0,75.0,301.0,2025-02-13 01:04:20
101,22.0,75.0,301.0,2025-02-13 01:04:20
101,22.0,75.0,301.0,2025-02-13 01:04:20
101,22.0,75.0,301.0,2025-02-13 01:04:20
101,22.0,75.0,299.0,2025-02-13 01:04:21
101,22.0,75.0,299.0,2025-02-13 01:04:23
101,22.0,75.0,299.0,2025-02-13 01:04:23
101,22.0,75.0,299.0,2025-02-13 01:04:23
101,22.0,75.0,299.0,2025-02-13 01:04:23
101,22.0,75.0,301.0,2025-02-13 01:04:23
101,22.0,75.0,301.0,2025-02-13 01:04:23
101,22.0,75.0,301.0,2025-02-13 01:04:25
101,22.0,75.0,301.0,2025-02-13 01:04:25
101,22.0,75.0,301.0,2025-02-13 01:04:25
101,22.0,75.0,301.0,2025-02-13 01:04:25
101,22.0,75.0,299.0,2025-02-13 01:04:26
101,22.0,75.0,299.0,2025-02-13 01:04:26
101,22.0,75.0,299.0,2025-02-13 01:04:28
101,22.0,75.0,299.0,2025-02-13 01:04:28
101,22.0,75.0,299.0,2025-02-13 01:04:28
101,22.0,75.0,299.0,2025-02-13 01:04:28
101,22.0,75.0,300.0,2025-02-13 01:04:28
101,22.0,75.0,300.0,2025-02-13 01:04:30
101,22.0,75.0,300.0,2025-02-13 01:04:30
101,22.0,75.0,300.0,2025-02-13 01:04:30
101,22.0,75.0,300.0,2025-02-13 01:04:30
101,22.0,75.0,299.0,2025-02-13 01:04:31
101,22.0,75.0,299.0,2025-02-13 01:04:33
101,22.0,75.0,299.0,2025-02-13 01:04:33
101,22.0,75.0,299.0,2025-02-13 01:04:33
101,22.0,75.0,299.0,2025-02-13 01:04:33
101,22.0,75.0,300.0,2025-02-13 01:04:33
101,22.0,75.0,300.0,2025-02-13 01:04:35
101,22.0,75.0,300.0,2025-02-13 01:04:35
101,22.0,75.0,300.0,2025-02-13 01:04:35
101,22.0,75.0,300.0,2025-02-13 01:04:35
101,22.0,75.0,299.0,2025-02-13 01:04:36
101,22.0,75.0,299.0,2025-02-13 01:04:38
101,22.0,75.0,299.0,2025-02-13 01:04:38
101,22.0,75.0,299.0,2025-02-13 01:04:38
101,22.0,75.0,299.0,2025-02-13 01:04:38
101,22.0,75.0,292.0,2025-02-13 01:04:39
101,22.0,75.0,292.0,2025-02-13 01:04:39
101,22.0,75.0,292.0,2025-02-13 01:04:41
101,22.0,75.0,292.0,2025-02-13 01:04:41
101,22.0,75.0,292.0,2025-02-13 01:04:41
101,22.0,75.0,299.0,2025-02-13 01:04:41
101,22.0,75.0,299.0,2025-02-13 01:04:41
101,22.0,75.0,299.0,2025-02-13 01:04:43
101,22.0,75.0,299.0,2025-02-13 01:04:43
101,22.0,75.0,295.0,2025-02-13 01:04:43
101,22.0,75.0,295.0,2025-02-13 01:05:07
101,22.0,75.0,295.0,2025-02-13 01:05:07
101,22.0,75.0,300.0,2025-02-13 01:05:07
101,22.0,75.0,300.0,2025-02-13 01:05:30
101,22.0,75.0,300.0,2025-02-13 01:05:30
101,22.0,75.0,301.0,2025-02-13 01:05:30
101,22.0,75.0,301.0,2025-02-13 01:05:53
101,22.0,75.0,301.0,2025-02-13 01:05:53
101,22.0,75.0,287.0,2025-02-13 01:05:53
101,22.0,75.0,287.0,2025-02-13 01:06:16
101,22.0,75.0,287.0,2025-02-13 01:06:16
101,22.0,75.0,301.0,2025-02-13 01:06:16
101,22.0,75.0,295.0,2025-02-13 01:06:42
101,22.0,75.0,295.0,2025-02-13 01:07:05
101,22.0,75.0,295.0,2025-02-13 01:07:05
101,22.0,75.0,295.0,2025-02-13 01:07:05
101,22.0,75.0,295.0,2025-02-13 01:07:29
101,22.0,75.0,295.0,2025-02-13 01:07:29
101,22.0,75.0,297.0,2025-02-13 01:07:29
101,22.0,75.0,297.0,2025-02-13 01:07:52
101,22.0,75.0,297.0,2025-02-13 01:07:52
101,22.0,75.0,296.0,2025-02-13 01:07:52
101,22.0,75.0,296.0,2025-02-13 01:08:15
101,22.0,75.0,296.0,2025-02-13 01:08:15
101,22.0,75.0,295.0,2025-02-13 01:08:15
101,22.0,75.0,299.0,2025-02-13 01:08:44
101,22.0,75.0,299.0,2025-02-13 01:08:44
101,22.0,75.0,301.0,2025-02-13 01:08:44
101,22.0,75.0,301.0,2025-02-13 01:08:46
101,22.0,75.0,301.0,2025-02-13 01:08:46
101,22.0,75.0,293.0,2025-02-13 01:08:46
101,22.0,75.0,307.0,2025-02-13 01:12:53
101,22.0,75.0,307.0,2025-02-13 01:12:53
101,22.0,75.0,303.0,2025-02-13 01:12:54
101,22.0,75.0,303.0,2025-02-13 01:12:54
101,22.0,75.0,303.0,2025-02-13 01:12:56
101,22.0,75.0,303.0,2025-02-13 01:12:56
101,22.0,75.0,304.0,2025-02-13 01:12:56
101,22.0,75.0,304.0,2025-02-13 01:12:58
101,22.0,75.0,304.0,2025-02-13 01:12:58
101,22.0,75.0,298.0,2025-02-13 01:12:59
101,22.0,75.0,298.0,2025-02-13 01:13:01
101,22.0,75.0,298.0,2025-02-13 01:13:01
101,22.0,75.0,307.0,2025-02-13 01:13:01
101,22.0,75.0,307.0,2025-02-13 01:13:03
101,22.0,75.0,307.0,2025-02-13 01:13:03
101,22.0,75.0,303.0,2025-02-13 01:13:04
101,22.0,75.0,303.0,2025-02-13 01:13:06
101,22.0,75.0,303.0,2025-02-13 01:13:06
101,22.0,75.0,296.0,2025-02-13 01:13:06
101,22.0,75.0,296.0,2025-02-13 01:13:08
101,22.0,75.0,296.0,2025-02-13 01:13:08
101,22.0,75.0,309.0,2025-02-13 01:13:09
101,22.0,75.0,309.0,2025-02-13 01:13:11
101,22.0,75.0,309.0,2025-02-13 01:13:11
101,22.0,75.0,299.0,2025-02-13 01:13:11
101,22.0,75.0,299.0,2025-02-13 01:13:13
101,22.0,75.0,299.0,2025-02-13 01:13:13
101,22.0,75.0,300.0,2025-02-13 01:13:14
101,22.0,75.0,300.0,2025-02-13 01:13:16
101,22.0,75.0,300.0,2025-02-13 01:13:16
101,22.0,75.0,303.0,2025-02-13 01:13:16
101,22.0,75.0,303.0,2025-02-13 01:13:18
101,22.0,75.0,303.0,2025-02-13 01:13:19
101,22.0,75.0,307.0,2025-02-13 01:13:19
101,22.0,75.0,307.0,2025-02-13 01:13:21
101,22.0,75.0,307.0,2025-02-13 01:13:21
101,22.0,75.0,302.0,2025-02-13 01:13:21
101,22.0,75.0,302.0,2025-02-13 01:13:23
101,22.0,75.0,302.0,2025-02-13 01:13:23
101,22.0,75.0,299.0,2025-02-13 01:13:25
101,22.0,75.0,299.0,2025-02-13 01:13:27
101,22.0,76.0,299.0,2025-02-13 01:13:27
101,22.0,76.0,307.0,2025-02-13 01:13:27
101,22.0,76.0,307.0,2025-02-13 01:13:29
101,22.0,75.0,307.0,2025-02-13 01:13:29
101,22.0,75.0,306.0,2025-02-13 01:13:29
101,22.0,75.0,306.0,2025-02-13 01:13:31
101,22.0,75.0,306.0,2025-02-13 01:13:31
101,22.0,75.0,298.0,2025-02-13 01:13:32
101,22.0,75.0,298.0,2025-02-13 01:13:34
101,22.0,75.0,298.0,2025-02-13 01:13:34
101,22.0,75.0,299.0,2025-02-13 01:13:34
101,22.0,75.0,299.0,2025-02-13 01:13:36
101,22.0,75.0,299.0,2025-02-13 01:13:36
101,22.0,75.0,301.0,2025-02-13 01:13:37
101,22.0,75.0,301.0,2025-02-13 01:13:39
101,22.0,75.0,301.0,2025-02-13 01:13:39
101,22.0,75.0,298.0,2025-02-13 01:13:39
101,22.0,75.0,300.0,2025-02-13 01:15:30
101,22.0,75.0,297.0,2025-02-13 01:15:30
101,22.0,75.0,315.0,2025-02-13 01:15:33
101,22.0,75.0,315.0,2025-02-13 01:15:35
101,22.0,75.0,315.0,2025-02-13 01:15:35
101,22.0,75.0,315.0,2025-02-13 01:15:35
101,22.0,75.0,293.0,2025-02-13 01:15:35
101,22.0,75.0,293.0,2025-02-13 01:15:35
101,22.0,75.0,293.0,2025-02-13 01:15:38
101,22.0,75.0,293.0,2025-02-13 01:15:38
101,22.0,75.0,294.0,2025-02-13 01:15:38
101,22.0,75.0,294.0,2025-02-13 01:15:40
101,22.0,75.0,294.0,2025-02-13 01:15:40
101,22.0,75.0,301.0,2025-02-13 01:15:40
101,22.0,75.0,301.0,2025-02-13 01:15:42
101,22.0,75.0,301.0,2025-02-13 01:15:42
101,22.0,75.0,297.0,2025-02-13 01:15:43
101,22.0,75.0,297.0,2025-02-13 01:15:45
101,22.0,75.0,297.0,2025-02-13 01:15:45
101,22.0,75.0,294.0,2025-02-13 01:15:45
101,22.0,75.0,294.0,2025-02-13 01:15:47
101,22.0,75.0,294.0,2025-02-13 01:15:47
101,22.0,75.0,297.0,2025-02-13 01:15:48
101,22.0,75.0,297.0,2025-02-13 01:15:50
101,22.0,75.0,297.0,2025-02-13 01:15:50
101,22.0,75.0,299.0,2025-02-13 01:15:50
101,22.0,75.0,299.0,2025-02-13 01:15:53
101,22.0,75.0,299.0,2025-02-13 01:15:53
101,22.0,75.0,295.0,2025-02-13 01:15:53
101,22.0,75.0,295.0,2025-02-13 01:15:55
101,22.0,75.0,295.0,2025-02-13 01:15:55
101,22.0,75.0,302.0,2025-02-13 01:15:55
101,22.0,75.0,302.0,2025-02-13 01:15:58
101,22.0,75.0,302.0,2025-02-13 01:15:58
101,22.0,75.0,301.0,2025-02-13 01:15:58
101,22.0,75.0,301.0,2025-02-13 01:16:00
101,22.0,75.0,301.0,2025-02-13 01:16:00
101,22.0,75.0,299.0,2025-02-13 01:16:01
101,22.0,75.0,299.0,2025-02-13 01:16:03
101,22.0,75.0,299.0,2025-02-13 01:16:03
101,22.0,75.0,300.0,2025-02-13 01:16:03
101,22.0,75.0,300.0,2025-02-13 01:16:05
101,22.0,75.0,300.0,2025-02-13 01:16:05
101,22.0,75.0,299.0,2025-02-13 01:16:06
101,22.0,75.0,299.0,2025-02-13 01:16:08
101,22.0,75.0,299.0,2025-02-13 01:16:08
101,22.0,75.0,297.0,2025-02-13 01:16:08
101,22.0,75.0,297.0,2025-02-13 01:16:10
101,22.0,75.0,297.0,2025-02-13 01:16:10
101,22.0,75.0,293.0,2025-02-13 01:16:11
101,22.0,75.0,293.0,2025-02-13 01:16:13
101,22.0,75.0,293.0,2025-02-13 01:16:13
101,22.0,75.0,301.0,2025-02-13 01:16:13
101,22.0,75.0,301.0,2025-02-13 01:16:15
101,22.0,75.0,301.0,2025-02-13 01:16:15
101,22.0,75.0,297.0,2025-02-13 01:16:16
101,22.0,75.0,297.0,2025-02-13 01:16:18
101,22.0,75.0,297.0,2025-02-13 01:16:18
101,22.0,75.0,301.0,2025-02-13 01:16:18
101,22.0,75.0,301.0,2025-02-13 01:16:20
101,22.0,75.0,301.0,2025-02-13 01:16:20
101,22.0,75.0,297.0,2025-02-13 01:16:21
101,22.0,75.0,297.0,2025-02-13 01:16:23
101,22.0,75.0,297.0,2025-02-13 01:16:23
101,22.0,75.0,298.0,2025-02-13 01:16:23
101,22.0,75.0,298.0,2025-02-13 01:16:25
101,22.0,75.0,298.0,2025-02-13 01:16:25
101,22.0,75.0,299.0,2025-02-13 01:16:26
101,22.0,75.0,299.0,2025-02-13 01:16:28
101,22.0,74.0,299.0,2025-02-13 01:16:28
101,22.0,74.0,288.0,2025-02-13 01:16:28
101,22.0,74.0,288.0,2025-02-13 01:16:31
101,22.0,75.0,288.0,2025-02-13 01:16:31
101,22.0,75.0,300.0,2025-02-13 01:16:31
101,22.0,75.0,300.0,2025-02-13 01:16:33
101,22.0,75.0,300.0,2025-02-13 01:16:33
101,22.0,75.0,301.0,2025-02-13 01:16:33
101,22.0,75.0,301.0,2025-02-13 01:16:35
101,22.0,75.0,301.0,2025-02-13 01:16:35
101,22.0,75.0,297.0,2025-02-13 01:16:36
101,22.0,75.0,297.0,2025-02-13 01:16:38
101,22.0,74.0,297.0,2025-02-13 01:16:38
101,22.0,74.0,300.0,2025-02-13 01:16:38
101,22.0,74.0,300.0,2025-02-13 01:16:40
101,22.0,75.0,300.0,2025-02-13 01:16:40
101,22.0,75.0,296.0,2025-02-13 01:16:41
101,22.0,75.0,296.0,2025-02-13 01:16:43
101,22.0,75.0,296.0,2025-02-13 01:16:43
101,22.0,75.0,303.0,2025-02-13 01:16:43
101,22.0,75.0,303.0,2025-02-13 01:16:46
101,22.0,74.0,303.0,2025-02-13 01:16:46
101,22.0,74.0,294.0,2025-02-13 01:16:46
101,22.0,74.0,294.0,2025-02-13 01:16:48
101,22.0,74.0,294.0,2025-02-13 01:16:48
101,22.0,74.0,296.0,2025-02-13 01:16:49
101,22.0,74.0,296.0,2025-02-13 01:16:51
101,22.0,75.0,296.0,2025-02-13 01:16:51
101,22.0,75.0,299.0,2025-02-13 01:16:51
101,22.0,75.0,299.0,2025-02-13 01:16:53
101,22.0,74.0,299.0,2025-02-13 01:16:53
101,22.0,74.0,298.0,2025-02-13 01:16:54
101,22.0,74.0,298.0,2025-02-13 01:16:56
101,22.0,74.0,298.0,2025-02-13 01:16:56
101,22.0,74.0,299.0,2025-02-13 01:16:56
101,22.0,74.0,299.0,2025-02-13 01:16:58
101,22.0,75.0,299.0,2025-02-13 01:16:58
101,22.0,75.0,300.0,2025-02-13 01:16:59
101,22.0,75.0,300.0,2025-02-13 01:17:01
101,22.0,74.0,300.0,2025-02-13 01:17:01
101,22.0,74.0,303.0,2025-02-13 01:17:01
101,22.0,74.0,292.0,2025-02-13 01:17:05
101,22.0,74.0,292.0,2025-02-13 01:17:07
101,22.0,75.0,292.0,2025-02-13 01:17:07
101,22.0,75.0,299.0,2025-02-13 01:17:07
101,22.0,75.0,299.0,2025-02-13 01:17:09
101,22.0,74.0,299.0,2025-02-13 01:17:09
101,22.0,74.0,293.0,2025-02-13 01:17:09
101,22.0,74.0,307.0,2025-02-13 01:17:11
101,22.0,74.0,307.0,2025-02-13 01:17:13
101,22.0,75.0,307.0,2025-02-13 01:17:13
101,22.0,75.0,303.0,2025-02-13 01:17:14
101,22.0,75.0,303.0,2025-02-13 01:17:16
101,22.0,75.0,303.0,2025-02-13 01:17:16
101,22.0,75.0,295.0,2025-02-13 01:17:16
101,22.0,75.0,295.0,2025-02-13 01:17:18
101,22.0,75.0,295.0,2025-02-13 01:17:18
101,22.0,75.0,299.0,2025-02-13 01:17:19
101,22.0,75.0,299.0,2025-02-13 01:17:21
101,22.0,74.0,299.0,2025-02-13 01:17:21
101,22.0,74.0,287.0,2025-02-13 01:17:22
101,22.0,74.0,287.0,2025-02-13 01:17:24
101,22.0,74.0,287.0,2025-02-13 01:17:24
101,22.0,74.0,302.0,2025-02-13 01:18:49
101,22.0,74.0,301.0,2025-02-13 01:18:50
101,22.0,74.0,301.0,2025-02-13 01:18:52
101,22.0,74.0,301.0,2025-02-13 01:18:52
101,22.0,74.0,309.0,2025-02-13 01:18:52
101,22.0,74.0,301.0,2025-02-13 01:22:34
101,22.0,74.0,303.0,2025-02-13 01:22:34
101,22.0,74.0,303.0,2025-02-13 01:22:36
101,22.0,74.0,303.0,2025-02-13 01:22:36
101,22.0,74.0,301.0,2025-02-13 01:22:37
101,22.0,74.0,301.0,2025-02-13 01:22:39
101,22.0,74.0,301.0,2025-02-13 01:22:39
101,22.0,74.0,302.0,2025-02-13 01:22:39
101,22.0,75.0,301.0,2025-02-13 01:24:28
101,22.0,75.0,301.0,2025-02-13 01:24:28
101,22.0,75.0,301.0,2025-02-13 01:24:30
101,22.0,75.0,301.0,2025-02-13 01:24:30
101,22.0,75.0,304.0,2025-02-13 01:24:31
101,22.0,75.0,304.0,2025-02-13 01:24:33
101,22.0,75.0,304.0,2025-02-13 01:24:33
101,22.0,75.0,307.0,2025-02-13 01:24:33
101,22.0,75.0,307.0,2025-02-13 01:24:35
101,22.0,75.0,307.0,2025-02-13 01:24:35
101,22.0,75.0,301.0,2025-02-13 01:24:36
101,22.0,75.0,301.0,2025-02-13 01:24:38
101,22.0,75.0,301.0,2025-02-13 01:24:38
101,22.0,75.0,312.0,2025-02-13 01:24:38
101,22.0,75.0,300.0,2025-02-13 01:24:41
101,22.0,75.0,300.0,2025-02-13 01:24:43
101,22.0,75.0,300.0,2025-02-13 01:24:43
101,22.0,75.0,300.0,2025-02-13 01:24:43
101,22.0,75.0,300.0,2025-02-13 01:24:45
101,22.0,75.0,300.0,2025-02-13 01:24:45
101,22.0,75.0,295.0,2025-02-13 01:24:47
101,22.0,75.0,295.0,2025-02-13 01:24:49
101,22.0,75.0,295.0,2025-02-13 01:24:49
101,22.0,75.0,301.0,2025-02-13 01:24:49
101,22.0,75.0,301.0,2025-02-13 01:24:51
101,22.0,75.0,301.0,2025-02-13 01:24:51
101,22.0,75.0,304.0,2025-02-13 01:24:51
101,22.0,75.0,304.0,2025-02-13 01:24:53
101,22.0,75.0,304.0,2025-02-13 01:24:53
101,22.0,75.0,297.0,2025-02-13 01:24:53
101,22.0,75.0,297.0,2025-02-13 01:24:55
101,22.0,75.0,297.0,2025-02-13 01:24:55
101,22.0,75.0,301.0,2025-02-13 01:24:56
101,22.0,75.0,301.0,2025-02-13 01:24:58
101,22.0,75.0,301.0,2025-02-13 01:24:58
101,22.0,75.0,303.0,2025-02-13 01:24:58
101,22.0,75.0,303.0,2025-02-13 01:25:00
101,22.0,75.0,303.0,2025-02-13 01:25:00
101,22.0,75.0,307.0,2025-02-13 01:25:01
101,22.0,75.0,307.0,2025-02-13 01:25:03
101,22.0,75.0,307.0,2025-02-13 01:25:03
101,22.0,75.0,300.0,2025-02-13 01:25:04
101,22.0,75.0,300.0,2025-02-13 01:25:06
101,22.0,75.0,300.0,2025-02-13 01:25:06
101,22.0,75.0,302.0,2025-02-13 01:25:06
101,22.0,75.0,302.0,2025-02-13 01:25:08
101,22.0,75.0,302.0,2025-02-13 01:25:08
101,22.0,75.0,307.0,2025-02-13 01:25:09
101,22.0,75.0,307.0,2025-02-13 01:25:11
101,22.0,75.0,307.0,2025-02-13 01:25:11
101,22.0,75.0,307.0,2025-02-13 01:25:11
101,22.0,75.0,307.0,2025-02-13 01:25:13
101,22.0,75.0,307.0,2025-02-13 01:25:13
101,22.0,75.0,302.0,2025-02-13 01:25:14
101,22.0,75.0,302.0,2025-02-13 01:25:16
101,22.0,75.0,302.0,2025-02-13 01:25:16
101,22.0,75.0,299.0,2025-02-13 01:25:16
101,22.0,75.0,299.0,2025-02-13 01:25:18
101,22.0,75.0,299.0,2025-02-13 01:25:18
101,22.0,75.0,303.0,2025-02-13 01:25:19
101,22.0,75.0,303.0,2025-02-13 01:25:21
101,22.0,75.0,303.0,2025-02-13 01:25:21
101,22.0,75.0,293.0,2025-02-13 01:25:21
101,22.0,75.0,293.0,2025-02-13 01:25:23
101,22.0,75.0,293.0,2025-02-13 01:25:23
101,22.0,75.0,301.0,2025-02-13 01:25:24
101,22.0,75.0,301.0,2025-02-13 01:25:26
101,22.0,75.0,301.0,2025-02-13 01:25:26
101,22.0,75.0,302.0,2025-02-13 01:25:26
101,22.0,75.0,302.0,2025-02-13 01:25:28
101,22.0,75.0,302.0,2025-02-13 01:25:28
101,22.0,75.0,303.0,2025-02-13 01:25:29
101,22.0,75.0,303.0,2025-02-13 01:25:31
101,22.0,75.0,303.0,2025-02-13 01:25:31
101,22.0,75.0,301.0,2025-02-13 01:25:31
101,22.0,75.0,302.0,2025-02-13 01:25:34
101,21.0,75.0,302.0,2025-02-13 01:25:36
101,21.0,75.0,302.0,2025-02-13 01:25:36
101,21.0,75.0,295.0,2025-02-13 01:25:36
101,22.0,75.0,295.0,2025-02-13 01:25:38
101,22.0,75.0,295.0,2025-02-13 01:25:38
101,22.0,75.0,295.0,2025-02-13 01:25:39
101,22.0,75.0,301.0,2025-02-13 01:25:41
101,21.0,75.0,301.0,2025-02-13 01:25:43
101,21.0,75.0,301.0,2025-02-13 01:25:43
101,21.0,75.0,301.0,2025-02-13 01:25:44
101,22.0,75.0,301.0,2025-02-13 01:25:46
101,22.0,75.0,301.0,2025-02-13 01:25:46
101,22.0,75.0,307.0,2025-02-13 01:25:46
101,22.0,75.0,307.0,2025-02-13 01:25:48
101,22.0,75.0,307.0,2025-02-13 01:25:48
101,22.0,75.0,301.0,2025-02-13 01:25:49
101,22.0,75.0,301.0,2025-02-13 01:25:51
101,22.0,75.0,301.0,2025-02-13 01:25:51
101,22.0,75.0,301.0,2025-02-13 01:25:51
101,22.0,75.0,301.0,2025-02-13 01:25:54
101,22.0,75.0,301.0,2025-02-13 01:25:54
101,22.0,75.0,300.0,2025-02-13 01:25:54
101,22.0,75.0,300.0,2025-02-13 01:25:56
101,22.0,75.0,300.0,2025-02-13 01:25:56
101,22.0,75.0,295.0,2025-02-13 01:25:57
101,22.0,75.0,295.0,2025-02-13 01:25:59
101,22.0,75.0,295.0,2025-02-13 01:25:59
101,22.0,75.0,300.0,2025-02-13 01:25:59
101,22.0,75.0,300.0,2025-02-13 01:26:01
101,22.0,75.0,300.0,2025-02-13 01:26:01
101,22.0,75.0,303.0,2025-02-13 01:26:02
101,22.0,75.0,303.0,2025-02-13 01:26:04
101,22.0,75.0,303.0,2025-02-13 01:26:04
101,22.0,75.0,301.0,2025-02-13 01:26:04
101,22.0,75.0,301.0,2025-02-13 01:26:06
101,22.0,75.0,301.0,2025-02-13 01:26:06
101,22.0,75.0,297.0,2025-02-13 01:26:07
101,22.0,75.0,297.0,2025-02-13 01:26:09
101,22.0,75.0,297.0,2025-02-13 01:26:09
101,22.0,75.0,300.0,2025-02-13 01:26:09
101,22.0,75.0,300.0,2025-02-13 01:26:12
101,22.0,75.0,300.0,2025-02-13 01:26:12
101,22.0,75.0,307.0,2025-02-13 01:26:12
101,22.0,75.0,307.0,2025-02-13 01:26:14
101,22.0,75.0,307.0,2025-02-13 01:26:14
101,22.0,75.0,295.0,2025-02-13 01:26:14
101,22.0,75.0,295.0,2025-02-13 01:26:16
101,22.0,75.0,295.0,2025-02-13 01:26:16
101,22.0,75.0,297.0,2025-02-13 01:26:17
101,22.0,75.0,297.0,2025-02-13 01:26:19
101,22.0,75.0,297.0,2025-02-13 01:26:19
101,22.0,75.0,297.0,2025-02-13 01:26:19
101,22.0,75.0,297.0,2025-02-13 01:26:21
101,22.0,75.0,297.0,2025-02-13 01:26:21
101,22.0,75.0,303.0,2025-02-13 01:26:22
101,22.0,75.0,303.0,2025-02-13 01:26:24
101,22.0,75.0,303.0,2025-02-13 01:26:24
101,22.0,75.0,301.0,2025-02-13 01:26:24
101,22.0,75.0,301.0,2025-02-13 01:26:26
101,22.0,75.0,301.0,2025-02-13 01:26:26
101,22.0,75.0,308.0,2025-02-13 01:26:27
101,22.0,75.0,308.0,2025-02-13 01:26:29
101,22.0,75.0,308.0,2025-02-13 01:26:29
101,22.0,75.0,308.0,2025-02-13 01:26:29
101,22.0,75.0,308.0,2025-02-13 01:26:31
101,22.0,75.0,308.0,2025-02-13 01:26:31
101,22.0,75.0,278.0,2025-02-13 01:26:33
101,22.0,75.0,278.0,2025-02-13 01:26:35
101,22.0,75.0,278.0,2025-02-13 01:26:35
101,22.0,75.0,299.0,2025-02-13 01:26:35
101,22.0,75.0,299.0,2025-02-13 01:26:37
101,22.0,75.0,299.0,2025-02-13 01:26:37
101,22.0,75.0,301.0,2025-02-13 01:26:37
101,22.0,75.0,301.0,2025-02-13 01:26:39
101,22.0,75.0,301.0,2025-02-13 01:26:39
101,22.0,75.0,307.0,2025-02-13 01:26:39
101,21.0,75.0,307.0,2025-02-13 01:26:41
101,21.0,75.0,307.0,2025-02-13 01:26:41
101,21.0,75.0,301.0,2025-02-13 01:26:42
101,22.0,75.0,301.0,2025-02-13 01:26:44
101,22.0,75.0,301.0,2025-02-13 01:26:44
101,22.0,75.0,309.0,2025-02-13 01:26:44
101,22.0,75.0,309.0,2025-02-13 01:26:47
101,22.0,75.0,309.0,2025-02-13 01:26:47
101,22.0,75.0,301.0,2025-02-13 01:26:47
101,22.0,75.0,301.0,2025-02-13 01:26:49
101,22.0,75.0,301.0,2025-02-13 01:26:49
101,22.0,75.0,297.0,2025-02-13 01:26:50
101,21.0,75.0,297.0,2025-02-13 01:26:52
101,21.0,75.0,297.0,2025-02-13 01:26:52
101,21.0,75.0,303.0,2025-02-13 01:26:52
101,22.0,75.0,303.0,2025-02-13 01:26:54
101,22.0,75.0,303.0,2025-02-13 01:26:54
101,22.0,75.0,301.0,2025-02-13 01:26:55
101,22.0,75.0,301.0,2025-02-13 01:26:57
101,22.0,75.0,301.0,2025-02-13 01:26:57
101,22.0,75.0,303.0,2025-02-13 01:26:57
101,21.0,75.0,303.0,2025-02-13 01:26:59
101,21.0,75.0,303.0,2025-02-13 01:26:59
101,21.0,75.0,302.0,2025-02-13 01:27:00
101,21.0,75.0,302.0,2025-02-13 01:27:02
101,21.0,75.0,302.0,2025-02-13 01:27:02
101,21.0,75.0,300.0,2025-02-13 01:27:02
101,21.0,75.0,303.0,2025-02-13 01:27:05
101,21.0,75.0,303.0,2025-02-13 01:27:07
101,21.0,75.0,303.0,2025-02-13 01:27:07
101,21.0,75.0,295.0,2025-02-13 01:27:07
101,22.0,75.0,295.0,2025-02-13 01:27:09
101,22.0,75.0,295.0,2025-02-13 01:27:09
101,22.0,75.0,302.0,2025-02-13 01:27:14
101,21.0,75.0,302.0,2025-02-13 01:27:16
101,21.0,75.0,302.0,2025-02-13 01:27:16
101,21.0,75.0,302.0,2025-02-13 01:27:16
101,21.0,75.0,302.0,2025-02-13 01:27:18
101,21.0,75.0,302.0,2025-02-13 01:27:18
101,21.0,75.0,301.0,2025-02-13 01:27:18
101,22.0,75.0,301.0,2025-02-13 01:27:20
101,22.0,75.0,301.0,2025-02-13 01:27:20
101,22.0,75.0,303.0,2025-02-13 01:27:20
101,22.0,75.0,303.0,2025-02-13 01:27:22
101,22.0,75.0,303.0,2025-02-13 01:27:22
101,22.0,75.0,307.0,2025-02-13 01:27:22
101,21.0,75.0,307.0,2025-02-13 01:27:24
101,21.0,75.0,307.0,2025-02-13 01:27:24
101,21.0,75.0,298.0,2025-02-13 01:27:24
101,22.0,75.0,298.0,2025-02-13 01:27:26
101,22.0,75.0,298.0,2025-02-13 01:27:26
101,22.0,75.0,300.0,2025-02-13 01:27:26
101,22.0,75.0,300.0,2025-02-13 01:27:28
101,22.0,75.0,300.0,2025-02-13 01:27:28
101,22.0,75.0,304.0,2025-02-13 01:27:28
101,21.0,75.0,304.0,2025-02-13 01:27:31
101,21.0,75.0,304.0,2025-02-13 01:27:31
101,21.0,75.0,303.0,2025-02-13 01:27:31
101,22.0,75.0,303.0,2025-02-13 01:27:33
101,22.0,75.0,303.0,2025-02-13 01:27:33
101,22.0,75.0,303.0,2025-02-13 01:27:33
101,21.0,75.0,303.0,2025-02-13 01:27:35
101,21.0,75.0,303.0,2025-02-13 01:27:35
101,21.0,75.0,301.0,2025-02-13 01:27:35
101,22.0,75.0,301.0,2025-02-13 01:27:37
101,22.0,75.0,301.0,2025-02-13 01:27:37
101,22.0,75.0,309.0,2025-02-13 01:27:38
101,21.0,75.0,309.0,2025-02-13 01:27:40
101,21.0,75.0,309.0,2025-02-13 01:27:40
101,21.0,75.0,302.0,2025-02-13 01:27:40
101,22.0,75.0,302.0,2025-02-13 01:27:42
101,22.0,75.0,302.0,2025-02-13 01:27:42
101,22.0,75.0,295.0,2025-02-13 01:27:43
101,21.0,75.0,295.0,2025-02-13 01:27:45
101,21.0,75.0,295.0,2025-02-13 01:27:45
101,21.0,75.0,303.0,2025-02-13 01:27:45
101,22.0,75.0,303.0,2025-02-13 01:27:47
101,22.0,75.0,303.0,2025-02-13 01:27:47
101,22.0,75.0,302.0,2025-02-13 01:27:48
101,22.0,75.0,302.0,2025-02-13 01:27:50
101,22.0,75.0,302.0,2025-02-13 01:27:50
101,22.0,75.0,301.0,2025-02-13 01:27:50
101,21.0,75.0,301.0,2025-02-13 01:27:52
101,21.0,75.0,301.0,2025-02-13 01:27:52
101,21.0,75.0,307.0,2025-02-13 01:27:53
101,21.0,75.0,307.0,2025-02-13 01:27:55
101,21.0,75.0,307.0,2025-02-13 01:27:55
101,21.0,75.0,293.0,2025-02-13 01:27:55
101,21.0,75.0,301.0,2025-02-13 01:27:58
101,21.0,75.0,301.0,2025-02-13 01:28:00
101,21.0,75.0,301.0,2025-02-13 01:28:00
101,21.0,75.0,296.0,2025-02-13 01:28:00
101,21.0,75.0,296.0,2025-02-13 01:28:02
101,21.0,75.0,296.0,2025-02-13 01:28:02
101,21.0,75.0,306.0,2025-02-13 01:28:03
101,22.0,75.0,306.0,2025-02-13 01:28:05
101,22.0,75.0,306.0,2025-02-13 01:28:05
101,22.0,75.0,303.0,2025-02-13 01:28:05
101,21.0,75.0,303.0,2025-02-13 01:28:07
101,21.0,75.0,303.0,2025-02-13 01:28:07
101,21.0,75.0,301.0,2025-02-13 01:28:08
101,21.0,75.0,301.0,2025-02-13 01:28:10
101,21.0,75.0,301.0,2025-02-13 01:28:10
101,21.0,75.0,307.0,2025-02-13 01:28:10
101,21.0,75.0,307.0,2025-02-13 01:28:12
101,21.0,75.0,307.0,2025-02-13 01:28:12
101,21.0,75.0,301.0,2025-02-13 01:28:13
101,22.0,75.0,301.0,2025-02-13 01:28:15
101,22.0,75.0,301.0,2025-02-13 01:28:15
101,22.0,75.0,301.0,2025-02-13 01:28:15
101,21.0,75.0,301.0,2025-02-13 01:28:17
101,21.0,75.0,301.0,2025-02-13 01:28:17
101,21.0,75.0,298.0,2025-02-13 01:28:18
101,21.0,75.0,298.0,2025-02-13 01:28:20
101,21.0,75.0,298.0,2025-02-13 01:28:20
101,21.0,75.0,304.0,2025-02-13 01:28:20
101,22.0,75.0,304.0,2025-02-13 01:28:23
101,22.0,75.0,304.0,2025-02-13 01:28:23
101,22.0,75.0,301.0,2025-02-13 01:28:23
101,21.0,75.0,301.0,2025-02-13 01:28:25
101,21.0,75.0,301.0,2025-02-13 01:28:25
101,21.0,75.0,299.0,2025-02-13 01:28:26
101,21.0,75.0,299.0,2025-02-13 01:28:28
101,21.0,75.0,299.0,2025-02-13 01:28:28
101,21.0,75.0,308.0,2025-02-13 01:28:28
101,21.0,75.0,308.0,2025-02-13 01:28:30
101,21.0,75.0,308.0,2025-02-13 01:28:30
101,21.0,75.0,299.0,2025-02-13 01:28:31
101,21.0,75.0,299.0,2025-02-13 01:28:33
101,21.0,75.0,299.0,2025-02-13 01:28:33
101,21.0,75.0,302.0,2025-02-13 01:28:33
101,21.0,75.0,302.0,2025-02-13 01:28:35
101,21.0,75.0,302.0,2025-02-13 01:28:35
101,21.0,75.0,298.0,2025-02-13 01:28:36
101,21.0,75.0,298.0,2025-02-13 01:28:38
101,21.0,75.0,298.0,2025-02-13 01:28:38
101,21.0,75.0,304.0,2025-02-13 01:28:38
101,22.0,75.0,304.0,2025-02-13 01:28:40
101,22.0,75.0,304.0,2025-02-13 01:28:40
101,22.0,75.0,302.0,2025-02-13 01:28:41
101,21.0,75.0,302.0,2025-02-13 01:28:43
101,21.0,76.0,302.0,2025-02-13 01:28:43
101,21.0,76.0,299.0,2025-02-13 01:28:43
101,22.0,76.0,299.0,2025-02-13 01:28:45
101,22.0,75.0,299.0,2025-02-13 01:28:45
101,22.0,75.0,301.0,2025-02-13 01:28:46
101,21.0,75.0,301.0,2025-02-13 01:28:48
101,21.0,75.0,301.0,2025-02-13 01:28:48
101,21.0,75.0,303.0,2025-02-13 01:28:48
101,21.0,75.0,303.0,2025-02-13 01:28:50
101,21.0,76.0,303.0,2025-02-13 01:28:50
101,21.0,76.0,312.0,2025-02-13 01:28:51
101,21.0,76.0,312.0,2025-02-13 01:28:53
101,21.0,76.0,312.0,2025-02-13 01:28:53
101,21.0,76.0,297.0,2025-02-13 01:28:53
101,21.0,76.0,297.0,2025-02-13 01:28:56
101,21.0,75.0,297.0,2025-02-13 01:28:56
101,21.0,75.0,307.0,2025-02-13 01:28:56
101,21.0,75.0,307.0,2025-02-13 01:28:58
101,21.0,75.0,307.0,2025-02-13 01:28:58
101,21.0,75.0,302.0,2025-02-13 01:28:58
101,21.0,75.0,302.0,2025-02-13 01:29:00
101,21.0,76.0,302.0,2025-02-13 01:29:00
101,21.0,76.0,303.0,2025-02-13 01:29:01
101,21.0,76.0,303.0,2025-02-13 01:29:03
101,21.0,75.0,303.0,2025-02-13 01:29:03
101,21.0,75.0,303.0,2025-02-13 01:29:03
101,21.0,75.0,303.0,2025-02-13 01:29:05
101,21.0,76.0,303.0,2025-02-13 01:29:05
101,21.0,76.0,301.0,2025-02-13 01:29:06
101,21.0,76.0,301.0,2025-02-13 01:29:08
101,21.0,75.0,301.0,2025-02-13 01:29:08
101,21.0,75.0,304.0,2025-02-13 01:29:08
101,21.0,75.0,304.0,2025-02-13 01:29:11
101,21.0,75.0,304.0,2025-02-13 01:29:11
101,21.0,75.0,295.0,2025-02-13 01:29:11
101,21.0,75.0,295.0,2025-02-13 01:29:13
101,21.0,75.0,295.0,2025-02-13 01:29:13
101,21.0,75.0,287.0,2025-02-13 01:29:14
101,21.0,75.0,287.0,2025-02-13 01:29:16
101,21.0,75.0,287.0,2025-02-13 01:29:16
101,21.0,75.0,303.0,2025-02-13 01:29:16
101,21.0,75.0,303.0,2025-02-13 01:29:18
101,21.0,75.0,303.0,2025-02-13 01:29:18
101,21.0,75.0,303.0,2025-02-13 01:29:19
101,22.0,76.0,301.0,2025-02-13 01:35:02
101,22.0,76.0,297.0,2025-02-13 01:35:02
101,22.0,76.0,297.0,2025-02-13 01:35:04
101,22.0,76.0,297.0,2025-02-13 01:35:04
101,22.0,76.0,296.0,2025-02-13 01:35:05
101,22.0,76.0,296.0,2025-02-13 01:35:07
101,22.0,75.0,296.0,2025-02-13 01:35:07
101,22.0,75.0,301.0,2025-02-13 01:35:07
101,22.0,75.0,301.0,2025-02-13 01:35:09
101,22.0,76.0,301.0,2025-02-13 01:35:09
101,22.0,76.0,299.0,2025-02-13 01:35:10
101,22.0,76.0,299.0,2025-02-13 01:35:12
101,22.0,75.0,299.0,2025-02-13 01:35:12
101,22.0,75.0,307.0,2025-02-13 01:35:12
101,22.0,75.0,307.0,2025-02-13 01:35:14
101,22.0,76.0,307.0,2025-02-13 01:35:14
101,22.0,76.0,301.0,2025-02-13 01:35:16
101,22.0,76.0,301.0,2025-02-13 01:35:18
101,22.0,76.0,301.0,2025-02-13 01:35:18
101,22.0,76.0,303.0,2025-02-13 01:35:18
101,22.0,76.0,303.0,2025-02-13 01:35:20
101,22.0,76.0,303.0,2025-02-13 01:35:20
101,22.0,76.0,302.0,2025-02-13 01:35:20
101,22.0,76.0,302.0,2025-02-13 01:35:22
101,22.0,75.0,302.0,2025-02-13 01:35:22
101,22.0,75.0,301.0,2025-02-13 01:35:24
101,22.0,75.0,301.0,2025-02-13 01:35:26
101,22.0,76.0,301.0,2025-02-13 01:35:26
101,22.0,76.0,308.0,2025-02-13 01:35:26
101,22.0,76.0,308.0,2025-02-13 01:35:28
101,22.0,76.0,308.0,2025-02-13 01:35:28
101,22.0,76.0,299.0,2025-02-13 01:35:28
101,22.0,76.0,299.0,2025-02-13 01:35:30
101,22.0,76.0,299.0,2025-02-13 01:35:30
101,22.0,76.0,302.0,2025-02-13 01:35:30
101,22.0,76.0,302.0,2025-02-13 01:35:32
101,22.0,75.0,302.0,2025-02-13 01:35:32
101,22.0,75.0,304.0,2025-02-13 01:35:32
101,22.0,75.0,304.0,2025-02-13 01:35:34
101,22.0,76.0,304.0,2025-02-13 01:35:34
101,22.0,76.0,302.0,2025-02-13 01:35:35
101,22.0,76.0,302.0,2025-02-13 01:35:37
101,22.0,76.0,302.0,2025-02-13 01:35:37
101,22.0,76.0,299.0,2025-02-13 01:35:37
101,22.0,76.0,299.0,2025-02-13 01:35:40
101,22.0,75.0,299.0,2025-02-13 01:35:40
101,22.0,75.0,297.0,2025-02-13 01:35:40
101,22.0,75.0,303.0,2025-02-13 01:35:43
101,22.0,75.0,303.0,2025-02-13 01:35:45
101,22.0,76.0,303.0,2025-02-13 01:35:45
101,22.0,76.0,297.0,2025-02-13 01:35:45
101,22.0,76.0,297.0,2025-02-13 01:35:47
101,22.0,76.0,297.0,2025-02-13 01:35:47
101,22.0,76.0,308.0,2025-02-13 01:35:48
